Vendor,Item,Qty Incl.,Qty Used,Cost (shipping incl),Link
Aliexpress,Keyswitches,90,82,$34.15,https://www.aliexpress.us/item/3256812101477500.html?spm=a2g0o.cart.0.0.8cd638daREwnKO&mp=1&pdp_npi=6%40dis%21USD%21USD%2034.15%21USD%2028.02%21%21USD%2028.02%21%21%21%4021032e4e17911177449008168e0f9c%2112000057961143508%21ct%21US%217963114578%21%211%210%21&gatewayAdapt=glo2usa&_randl_shipto=US
Aliexpress,Keycaps,143,82,$19.08,https://www.aliexpress.us/item/3256804654045406.html?spm=a2g0o.cart.0.0.62ce38daABBrW0&mp=1&pdp_npi=6%40dis%21USD%21USD+36.06%21USD+19.08%21%21USD+19.08%21%21%21%4021032e4e17911174085077685e0f9c%2112000056687328830%21ct%21US%217963114578%21%211%210%21&gatewayAdapt=glo2usa
Aliexpress,Stabilizers,5,4,$13.35,https://www.aliexpress.us/item/3256805109925838.html?spm=a2g0o.cart.0.0.62ce38danc3xhE&mp=1&pdp_npi=6%40dis%21USD%21USD+15.34%21USD+13.35%21%21USD+13.35%21%21%21%4021032e4e17911175037633701e0f9c%2112000032530884498%21ct%21US%217963114578%21%211%210%21&gatewayAdapt=glo2usa
Aliexpress,EC11 Encoder,5,1,$2.83,https://www.aliexpress.us/item/3256801777806102.html?spm=a2g0o.cart.0.0.62ce38danc3xhE&mp=1&pdp_npi=6%40dis%21USD%21USD+2.83%21USD+0.99%21%21USD+0.99%21%21%21%4021032e4e17911174997793488e0f9c%2112000018251604961%21ct%21US%217963114578%21%211%210%21&gatewayAdapt=glo2usa
Aliexpress,SOD-123 Diode,500,90,$5.33,https://www.aliexpress.us/item/3256812429587907.html?spm=a2g0o.productlist.main.9.1fa966fe6Szm23&algo_pvid=7861d5ec-a73e-494c-9b07-8574a15c95fa&algo_exp_id=7861d5ec-a73e-494c-9b07-8574a15c95fa-8&pdp_ext_f=%7B%22order%22%3A%225%22%2C%22eval%22%3A%221%22%2C%22fromPage%22%3A%22search%22%7D&pdp_npi=6%40dis%21USD%211.30%210.99%21%21%218.70%216.63%21%402101e56817911176974023987e0ecf%2112000058861114513%21sea%21US%217963114578%21X%211%210%21n_tag%3A-29911%3Bd%3A7d095f98%3Bm03_new_user%3A-29895%3BpisId%3A5000000217238806&curPageLogUid=SeGesrcKaOci&utparam-url=scene%3Asearch%7Cquery_from%3A%7Cx_object_id%3A1005012615902659%7C_p_origin_prod%3A
Aliexpress,Pico 2,1,1,$2.23,https://www.aliexpress.us/item/3256805430865417.html?spm=a2g0o.cart.0.0.62ce38danc3xhE&mp=1&pdp_npi=6%40dis%21USD%21USD+2.23%21USD+0.99%21%21USD+0.99%21%21%21%4021032e4e17911174997793488e0f9c%2112000039955164600%21ct%21US%217963114578%21%211%210%21&gatewayAdapt=glo2usa
Aliexpress,Heat Inserts,100,18,$2.25,https://www.aliexpress.us/item/3256807466816961.html?spm=a2g0o.cart.0.0.62ce38danc3xhE&mp=1&pdp_npi=6%40dis%21USD%21USD%202.25%21USD%200.99%21%21USD%200.99%21%21%21%4021032e4e17911174997793488e0f9c%2112000041667111581%21ct%21US%217963114578%21%211%210%21&gatewayAdapt=glo2usa&_randl_shipto=US
Aliexpress,LP Screws,40,4,$7.55,https://www.aliexpress.us/item/3256812814549829.html?spm=a2g0o.cart.0.0.62ce38daABBrW0&mp=1&pdp_npi=6%40dis%21USD%21USD+5.73%21USD+4.01%21%21USD+4.01%21%21%21%4021032e4e17911174085077685e0f9c%2112000059964735869%21ct%21US%217963114578%21%211%210%21&gatewayAdapt=glo2usa
Aliexpress,CS Screws,50,8,$3.67,https://www.aliexpress.us/item/3256805377257558.html?spm=a2g0o.cart.0.0.62ce38danc3xhE&mp=1&pdp_npi=6%40dis%21USD%21USD+6.11%21USD+5.74%21%21USD+5.74%21%21%21%4021032e4e17911174997793488e0f9c%2112000057757826735%21ct%21US%217963114578%21%211%210%21&gatewayAdapt=glo2usa
Aliexpress,Square Nuts,40,4,$5.60,https://www.aliexpress.us/item/3256804067194395.html?spm=a2g0o.cart.0.0.62ce38daABBrW0&mp=1&pdp_npi=6%40dis%21USD%21USD+2.88%21USD+1.87%21%21USD+1.87%21%21%21%4021032e4e17911174085077685e0f9c%2112000028532402029%21ct%21US%217963114578%21%211%210%21&pdp_ext_f=%7B%22cart2PdpParams%22%3A%7B%22pdpBusinessMode%22%3A%22retail%22%7D%7D&gatewayAdapt=glo2usa
Aliexpress,Poron Foam,20,8,$5.74,https://www.aliexpress.us/item/3256805377257558.html?spm=a2g0o.cart.0.0.62ce38danc3xhE&mp=1&pdp_npi=6%40dis%21USD%21USD+6.11%21USD+5.74%21%21USD+5.74%21%21%21%4021032e4e17911174997793488e0f9c%2112000057757826735%21ct%21US%217963114578%21%211%210%21&gatewayAdapt=glo2usa
Aliexpress,Rubber Feet,100,4,$6.03,https://www.aliexpress.us/item/3256812503581701.html?spm=a2g0o.cart.0.0.62ce38danc3xhE&mp=1&pdp_npi=6%40dis%21USD%21USD+6.03%21USD+0.99%21%21USD+0.99%21%21%21%4021032e4e17911174997793488e0f9c%2112000059052107962%21ct%21US%217963114578%21%211%210%21&gatewayAdapt=glo2usa
JLCPCB,PCB,5,1,$36.46,
